"0-737695",-70.761974,43.088765,1,2015-09-16 08:29:15
"0-737695",-70.760193,43.089516,1,2015-09-16 08:50:24
"0-737695",-70.76015,43.089538,1,2015-09-16 09:20:14
"0-737695",-70.7603,43.089409,1,2015-09-16 09:50:14
"0-737695",-70.760665,43.089602,1,2015-09-16 10:20:14
"0-737695",-70.760901,43.089784,1,2015-09-16 10:50:13
"0-737695",-70.762703,43.090793,1,2015-09-16 11:20:29
"0-737695",-70.787165,43.104236,1,2015-09-16 11:50:14
"0-737695",-70.810812,43.118398,1,2015-09-16 12:20:14
"0-737695",-70.840466,43.11857,1,2015-09-16 12:50:14
"0-737695",-70.85407,43.12784,1,2015-09-16 13:20:14
"0-737695",-70.861988,43.125876,1,2015-09-16 13:50:23
"0-737695",-70.86673,43.121735,1,2015-09-16 14:20:29
"0-737695",-70.864413,43.117572,1,2015-09-16 14:50:13
"0-737695",-70.856924,43.112036,1,2015-09-16 15:20:14
"0-737695",-70.856602,43.107176,1,2015-09-16 15:59:06
"0-737695",-70.857117,43.107251,1,2015-09-16 16:29:06
"0-737695",-70.85922,43.111199,1,2015-09-16 16:50:13
"0-737695",-70.862439,43.119128,1,2015-09-16 17:20:14
"0-737695",-70.855701,43.126327,1,2015-09-16 17:50:29
"0-737695",-70.841882,43.12152,1,2015-09-16 18:20:14
"0-737695",-70.820704,43.119568,1,2015-09-16 18:50:14
"0-737695",-70.794783,43.106543,1,2015-09-16 19:20:14
"0-737695",-70.781243,43.097005,1,2015-09-16 20:07:30
"0-737695",-70.757854,43.08148,1,2015-09-16 20:20:24
"0-737695",-70.746138,43.076845,1,2015-09-16 20:50:14
"0-737695",-70.746567,43.076824,1,2015-09-16 21:20:14
"0-737695",-70.746632,43.076878,1,2015-09-16 21:50:14
"0-737695",-70.747383,43.076878,1,2015-09-16 22:20:14
"0-737695",-70.748777,43.077993,1,2015-09-16 22:50:14
"0-737695",-70.752532,43.078669,1,2015-09-16 23:37:40
"0-737695",-70.761266,43.086855,1,2015-09-16 23:59:06
"0-737695",-70.785749,43.102627,1,2015-09-17 00:20:29
"0-737695",-70.809438,43.117239,1,2015-09-17 00:50:13
"0-737695",-70.838599,43.118398,1,2015-09-17 01:20:13
"0-737695",-70.850594,43.12638,1,2015-09-17 01:50:14
"0-737695",-70.859692,43.126177,1,2015-09-17 02:20:14
"0-737695",-70.86585,43.120962,1,2015-09-17 02:50:14
"0-737695",-70.858512,43.115619,1,2015-09-17 03:20:12
"0-737695",-70.856473,43.109375,1,2015-09-17 03:50:14
"0-737695",-70.856409,43.105706,1,2015-09-17 04:20:29
"0-737695",-70.85789,43.107487,1,2015-09-17 04:50:13
"0-737695",-70.85952,43.112798,1,2015-09-17 05:29:06
"0-737695",-70.863554,43.119793,1,2015-09-17 05:50:14
"0-737695",-70.856388,43.124782,1,2015-09-17 06:20:14
"0-737695",-70.851173,43.123634,1,2015-09-17 06:50:14
"0-737695",-70.843191,43.118398,1,2015-09-17 07:20:24
"0-737695",-70.835381,43.117089,1,2015-09-17 07:50:14
"0-737695",-70.823128,43.116789,1,2015-09-17 08:20:33
"0-737695",-70.822914,43.116456,1,2015-09-17 08:50:13
"0-737695",-70.822892,43.116467,1,2015-09-17 09:20:14
"0-737695",-70.822892,43.116488,1,2015-09-17 09:50:14
"0-737695",-70.822849,43.116467,1,2015-09-17 10:20:14
"0-737695",-70.822785,43.116478,1,2015-09-17 10:50:14
"0-737695",-70.822656,43.116338,1,2015-09-17 11:29:06
"0-737695",-70.822613,43.116231,1,2015-09-17 11:50:29
"0-737695",-70.822463,43.116091,1,2015-09-17 12:50:14
"0-737695",-70.82242,43.116081,1,2015-09-17 13:20:14
"0-737695",-70.822377,43.116102,1,2015-09-17 13:50:14
"0-737695",-70.82257,43.115909,1,2015-09-17 14:20:29
"0-737695",-70.822463,43.115909,1,2015-09-17 14:50:14
,,,,
"0-737695",-70.767467,43.093754,2,2015-09-24 14:57:26
"0-737695",-70.758841,43.086029,2,2015-09-24 15:18:34
"0-737695",-70.755236,43.080601,2,2015-09-24 15:48:34
"0-737695",-70.75294,43.079249,2,2015-09-24 16:18:33
"0-737695",-70.757918,43.082725,2,2015-09-24 16:48:44
"0-737695",-70.764463,43.091748,2,2015-09-24 17:27:25
"0-737695",-70.766888,43.09517,2,2015-09-24 17:48:34
"0-737695",-70.766974,43.094838,2,2015-09-24 18:27:26
"0-737695",-70.766995,43.095127,2,2015-09-24 18:57:26
"0-737695",-70.775642,43.095288,2,2015-09-24 19:18:33
"0-737695",-70.802379,43.111553,2,2015-09-24 19:48:34
"0-737695",-70.824652,43.119954,2,2015-09-24 20:18:34
"0-737695",-70.849929,43.122733,2,2015-09-24 20:48:34
"0-737695",-70.859349,43.122175,2,2015-09-24 21:18:33
"0-737695",-70.858362,43.114171,2,2015-09-24 21:48:34
"0-737695",-70.856731,43.107959,2,2015-09-24 22:18:34
"0-737695",-70.856559,43.106318,2,2015-09-24 22:48:34
"0-737695",-70.857911,43.109686,2,2015-09-24 23:18:34
"0-737695",-70.859349,43.115501,2,2015-09-24 23:48:33
"0-737695",-70.862374,43.124278,2,2015-09-25 00:18:33
"0-737695",-70.849628,43.12579,2,2015-09-25 00:48:33
"0-737695",-70.837162,43.119739,2,2015-09-25 01:27:26
"0-737695",-70.807893,43.116242,2,2015-09-25 01:48:34
"0-737695",-70.789397,43.102112,2,2015-09-25 02:18:34
"0-737695",-70.780771,43.095889,2,2015-09-25 02:48:34
"0-737695",-70.758863,43.082274,2,2015-09-25 03:18:33
"0-737695",".",".",2,2015-09-25 04:06:50
"0-737695",-70.758133,43.079367,2,2015-09-25 04:18:33
"0-737695",-70.758111,43.079453,2,2015-09-25 04:48:34
"0-737695",-70.75809,43.079495,2,2015-09-25 05:18:34
"0-737695",-70.758433,43.079796,2,2015-09-25 05:48:34
"0-737695",-70.758498,43.079849,2,2015-09-25 06:18:34
"0-737695",-70.758111,43.079592,2,2015-09-25 12:49:04
"0-737695",-70.758605,43.080086,2,2015-09-25 13:18:50
,,,,
"0-737695",-70.762274,43.086126,3,2015-09-29 09:20:59
"0-737695",-70.782595,43.10017,3,2015-09-29 09:50:30
"0-737695",-70.807421,43.115501,3,2015-09-29 10:20:31
"0-737695",-70.829716,43.118076,3,2015-09-29 10:59:23
"0-737695",-70.850229,43.125275,3,2015-09-29 11:29:23
"0-737695",-70.862396,43.125511,3,2015-09-29 11:59:23
"0-737695",-70.867975,43.119686,3,2015-09-29 12:20:30
"0-737695",-70.865679,43.111146,3,2015-09-29 12:59:22
"0-737695",-70.860529,43.114032,3,2015-09-29 13:20:31
"0-737695",-70.859134,43.104311,3,2015-09-29 13:59:02
"0-737695",-70.859928,43.100245,3,2015-09-29 14:20:31
"0-737695",-70.861022,43.097863,3,2015-09-29 14:50:30
"0-737695",-70.862031,43.100878,3,2015-09-29 15:20:31
"0-737695",-70.86261,43.110062,3,2015-09-29 15:59:23
"0-737695",-70.859864,43.095514,3,2015-09-29 16:20:31
,,,,
"0-737695",-70.767939,43.093346,4,2015-10-07 17:20:31
"0-737695",-70.789976,43.102981,4,2015-10-07 17:59:23
"0-737695",-70.7865,43.102058,4,2015-10-07 18:29:23
"0-737695",-70.799761,43.110319,4,2015-10-07 19:07:47
"0-737695",-70.82257,43.12048,4,2015-10-07 19:20:30
"0-737695",-70.847933,43.121338,4,2015-10-07 19:50:30
"0-737695",-70.8601,43.126026,4,2015-10-07 20:20:30
"0-737695",-70.865507,43.121992,4,2015-10-07 20:50:31
"0-737695",-70.86304,43.118892,4,2015-10-07 21:20:30
"0-737695",-70.857568,43.114504,4,2015-10-07 21:50:31
"0-737695",-70.856409,43.110105,4,2015-10-07 22:20:31
"0-737695",-70.856388,43.110448,4,2015-10-07 22:50:30
"0-737695",-70.856838,43.114815,4,2015-10-07 23:20:31
"0-737695",-70.861044,43.120136,4,2015-10-07 23:50:30
"0-737695",-70.855143,43.124621,4,2015-10-08 00:20:31
"0-737695",-70.855122,43.124632,4,2015-10-08 00:50:30
"0-737695",-70.8551,43.124632,4,2015-10-08 01:20:31
"0-737695",-70.855122,43.124664,4,2015-10-08 01:50:31
"0-737695",-70.855143,43.124664,4,2015-10-08 02:20:31
"0-737695",-70.8551,43.124685,4,2015-10-08 02:59:22
"0-737695",-70.855122,43.124696,4,2015-10-08 03:20:31
"0-737695",-70.855143,43.124621,4,2015-10-08 03:59:23
"0-737695",-70.855229,43.124836,4,2015-10-08 04:29:23
"0-737695",-70.855143,43.12461,4,2015-10-08 04:59:23
"0-737695",-70.855079,43.124567,4,2015-10-08 05:20:31
"0-737695",-70.855165,43.124664,4,2015-10-08 05:50:31
"0-737695",-70.8551,43.124621,4,2015-10-08 06:20:34
"0-737695",-70.855057,43.124599,4,2015-10-08 06:50:30
"0-737695",-70.855165,43.12461,4,2015-10-08 07:20:57
"0-737695",-70.8551,43.124642,4,2015-10-08 07:50:31
"0-737695",-70.855143,43.124664,4,2015-10-08 08:20:31
"0-737695",-70.855143,43.124642,4,2015-10-08 08:50:31
"0-737695",-70.855186,43.124664,4,2015-10-08 09:20:31
"0-737695",-70.855165,43.124642,4,2015-10-08 09:59:22
"0-737695",-70.855315,43.125039,4,2015-10-08 10:29:28
"0-737695",-70.855079,43.124567,4,2015-10-08 10:50:31
"0-737695",-70.855079,43.124621,4,2015-10-08 11:20:31
"0-737695",-70.855079,43.124664,4,2015-10-08 11:50:31
"0-737695",-70.855057,43.124664,4,2015-10-08 12:20:31
"0-737695",-70.8551,43.124707,4,2015-10-08 12:59:23
"0-737695",-70.855165,43.124642,4,2015-10-08 13:20:36
"0-737695",-70.855165,43.124728,4,2015-10-08 13:50:30
"0-737695",-70.855143,43.124696,4,2015-10-08 14:29:23
,,,,
"0-995448",-70.858641,43.115319,1,2014-06-24 09:40:01
"0-995448",-70.856366,43.10694,1,2014-06-24 10:10:01
"0-995448",-70.857997,43.100342,1,2014-06-24 10:40:02
"0-995448",-70.859499,43.094409,1,2014-06-24 11:10:02
"0-995448",-70.85922,43.093572,1,2014-06-24 11:40:02
"0-995448",-70.856602,43.095009,1,2014-06-24 12:10:02
"0-995448",-70.85598,43.099827,1,2014-06-24 12:40:01
"0-995448",-70.854714,43.106875,1,2014-06-24 13:16:17
"0-995448",-70.854199,43.109375,1,2014-06-24 13:40:00
"0-995448",-70.854092,43.109386,1,2014-06-24 14:10:05
"0-995448",-70.854242,43.109558,1,2014-06-24 14:40:02
"0-995448",-70.854135,43.109568,1,2014-06-24 15:10:00
"0-995448",-70.854135,43.109643,1,2014-06-24 15:40:01
,,,,
"0-995448",-70.84965,43.123323,2,2014-06-30 11:10:02
"0-995448",-70.85583,43.127067,2,2014-06-30 11:40:02
"0-995448",-70.865099,43.123913,2,2014-06-30 12:10:02
"0-995448",-70.861495,43.117068,2,2014-06-30 12:40:01
"0-995448",-70.856581,43.107197,2,2014-06-30 13:10:01
"0-995448",-70.857954,43.099794,2,2014-06-30 13:40:01
"0-995448",-70.860035,43.092906,2,2014-06-30 14:10:00
"0-995448",-70.867052,43.081706,2,2014-06-30 14:40:01
"0-995448",-70.869584,43.072522,2,2014-06-30 15:10:01
"0-995448",-70.866151,43.069131,2,2014-06-30 15:40:01
"0-995448",-70.862868,43.068949,2,2014-06-30 16:10:00
"0-995448",-70.862846,43.068981,2,2014-06-30 16:46:19
"0-995448",-70.863104,43.069131,2,2014-06-30 17:10:02
"0-995448",-70.862825,43.068949,2,2014-06-30 17:40:17
"0-995448",-70.862889,43.068992,2,2014-06-30 18:10:02
"0-995448",-70.862761,43.068928,2,2014-06-30 18:46:17
"0-995448",-70.862696,43.068895,2,2014-06-30 19:10:01
"0-995448",-70.862525,43.068649,2,2014-06-30 19:40:01
"0-995448",-70.862889,43.068938,2,2014-06-30 20:10:27
"0-995448",-70.862868,43.068981,2,2014-06-30 20:40:01
"0-995448",-70.862889,43.06896,2,2014-06-30 21:10:01
"0-995448",-70.862954,43.069003,2,2014-06-30 21:40:12
"0-995448",-70.862932,43.068992,2,2014-06-30 22:21:47
"0-995448",-70.862868,43.06897,2,2014-06-30 22:46:18
"0-995448",-70.862825,43.068906,2,2014-06-30 23:10:01
"0-995448",-70.862803,43.068895,2,2014-06-30 23:46:18
"0-995448",-70.862739,43.068949,2,2014-07-01 00:16:19
"0-995448",-70.862846,43.06896,2,2014-07-01 00:46:17
"0-995448",-70.862825,43.068949,2,2014-07-01 01:16:18
"0-995448",-70.862846,43.068938,2,2014-07-01 01:46:18
"0-995448",-70.862868,43.069056,2,2014-07-01 02:10:00
"0-995448",-70.862825,43.068885,2,2014-07-01 02:40:01
"0-995448",-70.862825,43.068938,2,2014-07-01 03:10:01
"0-995448",-70.862825,43.068949,2,2014-07-01 03:46:18
"0-995448",-70.862868,43.06897,2,2014-07-01 04:10:27
"0-995448",-70.862868,43.068928,2,2014-07-01 04:40:02
"0-995448",-70.862868,43.068938,2,2014-07-01 05:10:01
"0-995448",-70.862846,43.068949,2,2014-07-01 05:40:02
"0-995448",-70.862846,43.068949,2,2014-07-01 06:10:02
"0-995448",-70.862782,43.068981,2,2014-07-01 06:40:01
"0-995448",-70.862761,43.068949,2,2014-07-01 07:16:17
"0-995448",-70.862868,43.068981,2,2014-07-01 07:46:43
"0-995448",-70.862846,43.06897,2,2014-07-01 08:10:01
"0-995448",-70.862825,43.06896,2,2014-07-01 08:46:17
"0-995448",-70.862718,43.068992,2,2014-07-01 09:10:01
"0-995448",-70.862739,43.068992,2,2014-07-01 09:40:01
"0-995448",-70.862825,43.069013,2,2014-07-01 10:16:17
"0-995448",-70.862868,43.068981,2,2014-07-01 10:40:02
"0-995448",-70.862932,43.068992,2,2014-07-01 11:10:02
"0-995448",-70.862889,43.06897,2,2014-07-01 11:40:02
"0-995448",-70.862825,43.068992,2,2014-07-01 12:10:02
"0-995448",-70.862825,43.06897,2,2014-07-01 12:46:18
"0-995448",-70.862803,43.068938,2,2014-07-01 13:16:18
,,,,
"0-995448",-70.844929,43.120748,3,2014-07-10 12:46:17
"0-995448",-70.835488,43.116896,3,2014-07-10 13:10:01
"0-995448",-70.835466,43.116231,3,2014-07-10 13:40:00
"0-995448",-70.835402,43.116252,3,2014-07-10 14:16:18
"0-995448",-70.835574,43.116349,3,2014-07-10 15:40:27
"0-995448",".",".",3,2014-07-10 19:11:01
"0-995448",".",".",3,2014-07-10 19:51:27
"0-995448",".",".",3,2014-07-10 20:09:42
"0-995448",-70.835595,43.116328,3,2014-07-10 20:40:01
"0-995448",-70.835617,43.116328,3,2014-07-10 21:10:07
"0-995448",-70.835488,43.116252,3,2014-07-10 21:40:07
"0-995448",-70.835509,43.11621,3,2014-07-10 22:46:17
"0-995448",-70.835509,43.11622,3,2014-07-10 23:10:51
"0-995448",-70.835509,43.116317,3,2014-07-10 23:40:01
"0-995448",-70.835488,43.116252,3,2014-07-11 00:10:01
"0-995448",-70.835509,43.116252,3,2014-07-11 00:40:01
"0-995448",-70.835531,43.11621,3,2014-07-11 01:21:57
"0-995448",-70.835509,43.116124,3,2014-07-11 02:10:06
"0-995448",-70.835531,43.116295,3,2014-07-11 02:40:00
"0-995448",-70.833299,43.116628,3,2014-07-11 03:10:02
"0-995448",-70.831454,43.115233,3,2014-07-11 03:40:01
"0-995448",-70.831068,43.11504,3,2014-07-11 04:10:02
"0-995448",-70.832226,43.116081,3,2014-07-11 04:40:02
"0-995448",-70.830896,43.116263,3,2014-07-11 05:10:01
"0-995448",-70.832076,43.116188,3,2014-07-11 05:40:01
"0-995448",-70.830209,43.11533,3,2014-07-11 06:10:01
"0-995448",-70.831454,43.116392,3,2014-07-11 06:40:00
"0-995448",-70.83287,43.116478,3,2014-07-11 07:10:01
"0-995448",-70.832698,43.116049,3,2014-07-11 07:40:01
"0-995448",-70.832677,43.115995,3,2014-07-11 08:10:01
"0-995448",-70.832741,43.115984,3,2014-07-11 08:40:00
"0-995448",-70.832591,43.116134,3,2014-07-11 09:10:16
"0-995448",-70.842075,43.119171,3,2014-07-11 09:40:02
"0-995448",-70.85289,43.127282,3,2014-07-11 10:10:02
"0-995448",-70.864928,43.12314,3,2014-07-11 10:40:01
"0-995448",-70.860658,43.117433,3,2014-07-11 11:10:02
"0-995448",-70.857289,43.108935,3,2014-07-11 11:46:17
"0-995448",-70.858705,43.101318,3,2014-07-11 12:10:00
"0-995448",-70.858898,43.098196,3,2014-07-11 12:40:01
"0-995448",-70.859993,43.099505,3,2014-07-11 13:10:01
"0-995448",-70.859177,43.106843,3,2014-07-11 13:40:01
"0-995448",-70.857739,43.11813,3,2014-07-11 14:16:18
"0-995448",-70.857525,43.122025,3,2014-07-11 14:40:01
"0-995448",-70.860465,43.121724,3,2014-07-11 15:10:01
"0-995448",-70.859993,43.12196,3,2014-07-11 15:40:02
"0-995448",-70.860271,43.122196,3,2014-07-11 16:10:17
"0-995448",-70.860014,43.12167,3,2014-07-11 16:40:02
"0-995448",-70.860486,43.121821,3,2014-07-11 17:10:02
"0-995448",-70.86025,43.121531,3,2014-07-11 17:40:01
"0-995448",-70.860508,43.121756,3,2014-07-11 18:10:01
"0-995448",-70.860164,43.12151,3,2014-07-11 18:40:01
"0-995448",-70.86231,43.121413,3,2014-07-11 19:10:00
"0-995448",-70.859671,43.11842,3,2014-07-11 19:40:00
"0-995448",-70.861988,43.117862,3,2014-07-11 20:10:01
"0-995448",-70.857482,43.1065,3,2014-07-11 20:40:00
"0-995448",-70.861194,43.094784,3,2014-07-11 21:16:17
"0-995448",-70.867417,43.081974,3,2014-07-11 21:40:02
"0-995448",-70.87394,43.073208,3,2014-07-11 22:16:19
"0-995448",-70.881557,43.069303,3,2014-07-11 22:40:01
"0-995448",-70.88748,43.06734,3,2014-07-11 23:10:02
"0-995448",-70.892801,43.066653,3,2014-07-11 23:40:00
"0-995448",-70.897608,43.06646,3,2014-07-12 00:10:01
"0-995448",-70.899432,43.065044,3,2014-07-12 00:40:00
"0-995448",-70.89853,43.064743,3,2014-07-12 01:10:01
"0-995448",-70.896063,43.065226,3,2014-07-12 01:40:01
"0-995448",-70.891106,43.0669,3,2014-07-12 02:16:17
"0-995448",-70.885119,43.069925,3,2014-07-12 02:40:01
"0-995448",-70.877523,43.073241,3,2014-07-12 03:21:46
"0-995448",-70.869498,43.077436,3,2014-07-12 03:40:00
"0-995448",-70.864649,43.082489,3,2014-07-12 04:10:02
"0-995448",-70.862696,43.083422,3,2014-07-12 04:40:02
"0-995448",-70.862482,43.083701,3,2014-07-12 05:10:02
"0-995448",-70.862653,43.084012,3,2014-07-12 05:40:01
"0-995448",-70.861838,43.085514,3,2014-07-12 06:10:01
"0-995448",-70.860422,43.089677,3,2014-07-12 06:46:17
"0-995448",-70.860207,43.091619,3,2014-07-12 07:10:01
"0-995448",-70.860014,43.091651,3,2014-07-12 07:40:00
"0-995448",-70.860357,43.090299,3,2014-07-12 08:10:01
"0-995448",-70.860293,43.090332,3,2014-07-12 08:40:10
"0-995448",-70.860186,43.090364,3,2014-07-12 09:10:01
"0-995448",-70.860422,43.090364,3,2014-07-12 09:40:01
"0-995448",-70.860271,43.09045,3,2014-07-12 10:10:01
"0-995448",-70.86055,43.090299,3,2014-07-12 10:40:02
"0-995448",-70.8604,43.090407,3,2014-07-12 11:16:18
"0-995448",-70.860293,43.090396,3,2014-07-12 11:40:02
"0-995448",-70.860336,43.090428,3,2014-07-12 12:10:00
"0-995448",-70.860293,43.090407,3,2014-07-12 12:40:00
"0-995448",-70.860164,43.090439,3,2014-07-12 13:10:00
"0-995448",-70.860164,43.090492,3,2014-07-12 13:40:01
"0-995448",-70.860121,43.090514,3,2014-07-12 14:10:01
"0-995448",-70.860121,43.090492,3,2014-07-12 14:46:17
"0-995448",-70.860186,43.090492,3,2014-07-12 15:16:17
"0-995448",-70.860143,43.090503,3,2014-07-12 15:40:01
"0-995448",-70.860164,43.09045,3,2014-07-12 16:10:01
"0-995448",-70.860186,43.090492,3,2014-07-12 16:40:01
"0-995448",-70.860143,43.090492,3,2014-07-12 17:10:17
"0-995448",-70.860186,43.09046,3,2014-07-12 17:40:02
"0-995448",-70.860186,43.090407,3,2014-07-12 18:10:02
"0-995448",-70.860164,43.090428,3,2014-07-12 18:40:02
"0-995448",-70.860186,43.090492,3,2014-07-12 19:10:01
"0-995448",-70.860207,43.090535,3,2014-07-12 19:40:00
"0-995448",-70.86025,43.090492,3,2014-07-12 20:10:01
"0-995448",-70.860293,43.090492,3,2014-07-12 20:40:01
"0-995448",-70.860336,43.09046,3,2014-07-12 21:16:38
"0-995448",-70.860035,43.090385,3,2014-07-12 21:40:01
"0-995448",-70.860078,43.090471,3,2014-07-12 22:10:00
"0-995448",-70.860014,43.090482,3,2014-07-12 22:40:16
"0-995448",-70.86025,43.090503,3,2014-07-12 23:10:02
"0-995448",-70.860229,43.090482,3,2014-07-12 23:40:17
"0-995448",-70.860121,43.090471,3,2014-07-13 00:10:02
"0-995448",-70.860207,43.090503,3,2014-07-13 00:40:02
"0-995448",-70.860229,43.09045,3,2014-07-13 01:10:01
"0-995448",-70.860765,43.089999,3,2014-07-13 01:40:01
"0-995448",-70.861752,43.089302,3,2014-07-13 02:10:00
"0-995448",-70.857053,43.093625,3,2014-07-13 02:40:00
"0-995448",-70.854886,43.095428,3,2014-07-13 03:10:01
"0-995448",-70.854757,43.097209,3,2014-07-13 03:40:01
"0-995448",-70.854929,43.097992,3,2014-07-13 04:10:00
"0-995448",-70.854714,43.098185,3,2014-07-13 04:40:01
"0-995448",-70.855422,43.097777,3,2014-07-13 05:10:00
"0-995448",-70.854993,43.097895,3,2014-07-13 05:40:17
"0-995448",-70.854993,43.097928,3,2014-07-13 06:10:02
"0-995448",-70.854993,43.097981,3,2014-07-13 06:40:02
"0-995448",-70.854971,43.097992,3,2014-07-13 07:10:02
"0-995448",-70.854907,43.098003,3,2014-07-13 07:40:01
"0-995448",-70.854929,43.098024,3,2014-07-13 08:10:01
"0-995448",-70.854929,43.098035,3,2014-07-13 08:40:01
"0-995448",-70.854929,43.098046,3,2014-07-13 09:10:01
"0-995448",-70.854907,43.098056,3,2014-07-13 09:40:01
"0-995448",-70.854886,43.098089,3,2014-07-13 10:10:01
"0-995448",-70.854886,43.098078,3,2014-07-13 10:40:01
"0-995448",-70.85495,43.097981,3,2014-07-13 11:16:18
"0-995448",-70.854971,43.098003,3,2014-07-13 11:40:02
"0-995448",-70.854907,43.09797,3,2014-07-13 12:10:02
"0-995448",-70.854929,43.097981,3,2014-07-13 12:40:02
"0-995448",-70.854971,43.097917,3,2014-07-13 13:10:02
"0-995448",-70.854929,43.097981,3,2014-07-13 13:46:17
"0-995448",-70.854929,43.097992,3,2014-07-13 14:16:18
"0-995448",-70.854907,43.097992,3,2014-07-13 14:40:01
"0-995448",-70.8548,43.098089,3,2014-07-13 15:16:17
"0-995448",-70.854692,43.098013,3,2014-07-13 15:46:42
"0-995448",-70.854843,43.098046,3,2014-07-13 16:10:20
"0-995448",-70.854886,43.097992,3,2014-07-13 16:51:46
"0-995448",-70.854886,43.098013,3,2014-07-13 17:10:06
"0-995448",-70.854757,43.098099,3,2014-07-13 17:46:38
"0-995448",-70.854757,43.098046,3,2014-07-13 18:16:19
"0-995448",-70.854757,43.09797,3,2014-07-13 18:40:33
"0-995448",-70.854714,43.098056,3,2014-07-13 19:10:22
"0-995448",-70.854886,43.097928,3,2014-07-13 19:40:27
"0-995448",-70.854907,43.098131,3,2014-07-13 20:10:15
"0-995448",-70.854907,43.098067,3,2014-07-13 20:40:00
"0-995448",-70.854907,43.098078,3,2014-07-13 21:10:31
"0-995448",-70.855122,43.097756,3,2014-07-13 21:40:26
"0-995448",-70.854929,43.09841,3,2014-07-13 22:10:36
"0-995448",-70.854864,43.098056,3,2014-07-13 22:40:31
"0-995448",-70.854821,43.098046,3,2014-07-13 23:10:01
"0-995448",-70.854821,43.098089,3,2014-07-13 23:46:42
"0-995448",-70.854907,43.098067,3,2014-07-14 00:10:02
"0-995448",-70.85495,43.098228,3,2014-07-14 00:52:07
"0-995448",-70.854821,43.098078,3,2014-07-14 01:10:58
"0-995448",-70.854821,43.098121,3,2014-07-14 01:46:18
"0-995448",-70.8548,43.097981,3,2014-07-14 02:10:01
"0-995448",-70.8548,43.098056,3,2014-07-14 03:16:17
"0-995448",-70.8548,43.098056,3,2014-07-14 03:40:01
"0-995448",-70.8548,43.098067,3,2014-07-14 04:16:37
"0-995448",-70.8548,43.098046,3,2014-07-14 04:46:17
"0-995448",-70.854628,43.098067,3,2014-07-14 05:10:01
"0-995448",-70.854843,43.098078,3,2014-07-14 05:40:01
"0-995448",-70.85495,43.098067,3,2014-07-14 06:10:01
"0-995448",-70.855229,43.098207,3,2014-07-14 06:40:02
"0-995448",-70.854456,43.097928,3,2014-07-14 07:16:23
"0-995448",-70.854864,43.098185,3,2014-07-14 07:40:02
"0-995448",-70.854778,43.098153,3,2014-07-14 08:16:37
"0-995448",-70.854757,43.09797,3,2014-07-14 08:40:01
"0-995448",-70.854821,43.09811,3,2014-07-14 09:10:01
"0-995448",-70.854843,43.097981,3,2014-07-14 09:40:31
"0-995448",-70.854821,43.098089,3,2014-07-14 10:40:00
"0-995448",-70.854821,43.098056,3,2014-07-14 11:46:17
"0-995448",-70.854778,43.098024,3,2014-07-14 12:16:18
"0-995448",-70.854821,43.098046,3,2014-07-14 12:46:18
,,,,
,,,,
368711,-70.806885,43.112787,5,2014-08-14 09:47:33
368711,-70.827291,43.117754,5,2014-08-14 10:18:23
368711,-70.857847,43.125587,5,2014-08-14 10:47:34
368711,-70.857289,43.125823,5,2014-08-14 11:17:34
368711,-70.856323,43.125318,5,2014-08-14 11:47:33
368711,-70.856323,43.125308,5,2014-08-14 12:17:32
368711,-70.856302,43.125318,5,2014-08-14 12:47:33
368711,-70.85628,43.12535,5,2014-08-14 13:17:33
368711,-70.856323,43.12534,5,2014-08-14 13:47:33
368711,-70.856152,43.125318,5,2014-08-14 14:17:33
368711,-70.856087,43.125308,5,2014-08-14 14:47:33
368711,-70.85598,43.125275,5,2014-08-14 15:17:33
,,,,
995448,-70.716827,43.074979,6,2014-08-12 09:16:18
995448,-70.7179,43.074989,6,2014-08-12 09:40:00
995448,-70.73307,43.074034,6,2014-08-12 10:10:01
995448,-70.76,43.085117,6,2014-08-12 10:46:18
995448,-70.788217,43.105127,6,2014-08-12 11:16:17
995448,-70.819116,43.120877,6,2014-08-12 11:46:18
995448,-70.850122,43.123773,6,2014-08-12 12:10:01
995448,-70.866537,43.122057,6,2014-08-12 12:40:02
995448,-70.865443,43.114707,6,2014-08-12 13:10:02
995448,-70.864627,43.114568,6,2014-08-12 13:40:01
995448,-70.864091,43.114815,6,2014-08-12 14:10:01
995448,-70.865099,43.11518,6,2014-08-12 14:51:46
995448,-70.864713,43.114471,6,2014-08-12 15:10:00
,,,,
334954,-70.863748,43.119696,5,2013-08-12 12:24:46
334954,-70.85613,43.117948,5,2013-08-12 13:15:48
334954,-70.859349,43.11739,5,2013-08-12 14:15:48
334954,-70.859799,43.11754,5,2013-08-12 15:15:49
334954,-70.8604,43.117486,5,2013-08-12 16:25:00
334954,-70.855658,43.107862,5,2013-08-12 17:32:46
334954,-70.856431,43.110759,5,2013-08-12 18:25:01
334954,-70.862288,43.12284,5,2013-08-12 19:25:01
334954,-70.861752,43.130972,5,2013-08-12 20:16:04
334954,-70.852997,43.134137,5,2013-08-12 21:16:03
334954,".",".",5,2013-08-12 22:16:34
334954,".",".",5,2013-08-12 23:32:10
334954,-70.85171,43.140156,5,2013-08-13 00:16:32
334954,-70.861838,43.128312,5,2013-08-13 01:25:16
334954,-70.85628,43.127786,5,2013-08-13 02:15:49
334954,".",".",5,2013-08-13 04:16:34
334954,".",".",5,2013-08-13 05:15:13
334954,-70.854757,43.128612,5,2013-08-13 06:25:14
334954,-70.853877,43.128709,5,2013-08-13 07:15:48
334954,-70.835938,43.118162,5,2013-08-13 08:15:54
334954,-70.833063,43.116124,5,2013-08-13 09:15:53
334954,-70.832934,43.116177,5,2013-08-13 10:15:49
334954,-70.832913,43.116145,5,2013-08-13 11:15:48
334954,-70.832891,43.116134,5,2013-08-13 12:15:49
334954,-70.832891,43.116145,5,2013-08-13 13:15:54
334954,-70.832913,43.116167,5,2013-08-13 14:15:53
334954,-70.83317,43.116134,5,2013-08-13 15:25:11
334954,-70.833106,43.116456,5,2013-08-13 16:15:49
334954,-70.833278,43.116328,5,2013-08-13 17:16:19
334954,-70.847783,43.120072,5,2013-08-13 18:15:49
334954,-70.844929,43.119814,5,2013-08-13 19:15:49
334954,-70.83802,43.116553,5,2013-08-13 20:25:07
334954,-70.831711,43.116982,5,2013-08-13 22:33:30
334954,-70.84156,43.121016,5,2013-08-13 23:16:03
334954,".",".",5,2013-08-14 00:16:34
334954,-70.828664,43.11622,5,2013-08-14 01:25:40
334954,-70.83626,43.119482,5,2013-08-14 02:25:16
334954,-70.838063,43.11651,5,2013-08-14 03:15:58
334954,-70.829115,43.119428,5,2013-08-14 04:15:34
334954,-70.838084,43.116564,5,2013-08-14 05:25:10
334954,-70.836132,43.117872,5,2013-08-14 06:15:49
334954,-70.838041,43.116574,5,2013-08-14 07:15:59
334954,-70.838063,43.116596,5,2013-08-14 08:15:54
334954,".",".",5,2013-08-14 09:25:46
334954,-70.838041,43.116596,5,2013-08-14 14:15:54
334954,-70.831497,43.114954,5,2013-08-14 15:25:06
334954,-70.834823,43.116606,5,2013-08-14 16:25:16
334954,-70.835638,43.115233,5,2013-08-14 17:15:58
334954,-70.835638,43.115276,5,2013-08-14 18:25:11
334954,-70.835488,43.11518,5,2013-08-14 21:15:54
334954,-70.836368,43.115158,5,2013-08-14 22:15:49
334954,-70.83581,43.115233,5,2013-08-14 23:15:54
334954,-70.836024,43.116295,5,2013-08-15 00:15:34
334954,".",".",5,2013-08-15 01:16:34
334954,-70.829909,43.111607,5,2013-08-15 03:33:06
334954,-70.833557,43.112261,5,2013-08-15 04:25:05
334954,-70.835853,43.115319,5,2013-08-15 05:25:10
334954,".",".",5,2013-08-15 06:16:34
334954,-70.825703,43.115984,5,2013-08-15 07:15:58
334954,".",".",5,2013-08-15 08:16:33
334954,-70.835702,43.115276,5,2013-08-15 09:25:15
334954,-70.83581,43.115287,5,2013-08-15 10:15:59
334954,-70.829587,43.112916,5,2013-08-15 11:32:51
334954,-70.828836,43.113495,5,2013-08-15 12:25:06
334954,".",".",5,2013-08-15 13:33:29
334954,-70.864756,43.080622,5,2013-08-15 14:25:09
334954,-70.860465,43.065312,5,2013-08-15 15:15:54
334954,-70.850122,43.064454,5,2013-08-15 16:15:54
334954,-70.841582,43.065441,5,2013-08-15 17:15:49
334954,-70.832076,43.061707,5,2013-08-15 18:15:33
334954,-70.834608,43.062147,5,2013-08-15 19:15:49
334954,-70.83493,43.063939,5,2013-08-15 20:15:52
334954,-70.834844,43.063885,5,2013-08-15 21:15:53
334954,-70.83832,43.06293,5,2013-08-15 22:15:34
334954,-70.835788,43.061374,5,2013-08-15 23:15:34
,,,,
"0-614367",-70.831389,43.116413,6,2008-07-01 15:10:37
"0-614367",-70.81094,43.117411,6,2008-07-01 16:05:17
"0-614367",-70.81212,43.117132,6,2008-07-01 17:14:08
"0-614367",-70.81742,43.117551,6,2008-07-01 20:04:56
"0-614367",-70.848985,43.124117,6,2008-07-01 20:50:56
"0-614367",-70.854564,43.131123,6,2008-07-02 00:49:41
"0-614367",-70.84744,43.124503,6,2008-07-02 01:25:41
"0-614367",-70.832613,43.11666,6,2008-07-02 02:19:36
"0-614367",-70.826497,43.115941,6,2008-07-02 02:45:41
"0-614367",-70.828643,43.115941,6,2008-07-02 03:50:02
"0-614367",-70.830359,43.11769,6,2008-07-02 04:27:03
"0-614367",-70.827484,43.115619,6,2008-07-02 05:09:55
"0-614367",-70.805919,43.116971,6,2008-07-02 05:35:31
"0-614367",-70.788667,43.102509,6,2008-07-02 06:25:26
"0-614367",-70.782037,43.097724,6,2008-07-02 06:47:02
"0-614367",-70.782294,43.096554,6,2008-07-02 07:32:53
"0-614367",-70.783818,43.10032,6,2008-07-02 08:08:51
"0-614367",-70.797036,43.107948,6,2008-07-02 08:23:17
"0-614367",-70.83051,43.117508,6,2008-07-02 09:06:36
"0-614367",-70.849693,43.125415,6,2008-07-02 09:45:59
"0-614367",-70.860958,43.117014,6,2008-07-02 10:24:02
"0-614367",-70.856237,43.110888,6,2008-07-02 10:47:46
"0-614367",-70.859091,43.099934,6,2008-07-02 11:44:01
"0-614367",-70.862052,43.088154,6,2008-07-02 12:13:36
"0-614367",-70.870271,43.076931,6,2008-07-02 12:49:09
"0-614367",-70.872331,43.072017,6,2008-07-02 13:16:19
"0-614367",-70.875678,43.070934,6,2008-07-02 13:59:49
"0-614367",-70.870399,43.080601,6,2008-07-02 15:41:38
"0-614367",-70.864306,43.087338,6,2008-07-02 16:11:17
"0-614367",-70.857418,43.095084,6,2008-07-02 16:40:39
"0-614367",-70.859478,43.092488,6,2008-07-02 18:01:00
"0-614367",-70.859349,43.094537,6,2008-07-02 18:34:36
"0-614367",-70.860443,43.093486,6,2008-07-02 19:22:41
"0-614367",-70.860829,43.092628,6,2008-07-02 19:41:49
"0-614367",-70.866301,43.085042,6,2008-07-02 20:12:29
"0-614367",-70.868254,43.078626,6,2008-07-02 20:42:47
"0-614367",-70.867803,43.068434,6,2008-07-02 21:35:32
"0-614367",-70.848384,43.054916,6,2008-07-02 23:34:47
"0-614367",-70.847976,43.053446,6,2008-07-03 00:14:09
"0-614367",-70.846903,43.05101,6,2008-07-03 01:28:38
"0-614367",-70.864284,43.062662,6,2008-07-03 05:54:00
"0-614367",-70.860679,43.092681,6,2008-07-03 07:25:09
"0-614367",-70.859993,43.09281,6,2008-07-03 08:06:48
"0-614367",-70.892758,43.065677,6,2008-07-03 11:30:29
"0-614367",-70.908444,43.062179,6,2008-07-04 00:07:50
"0-614367",-70.92458,43.042513,6,2008-07-04 00:53:42
"0-614367",-70.936039,43.034767,6,2008-07-04 01:27:17
"0-614367",-70.934665,43.027879,6,2008-07-04 02:02:57
"0-614367",-70.933657,43.021785,6,2008-07-04 02:34:42
"0-614367",-70.9337,43.021817,6,2008-07-04 03:05:35
"0-614367",-70.934665,43.02525,6,2008-07-04 03:40:46
"0-614367",-70.936618,43.031098,6,2008-07-04 04:07:40
"0-614367",-70.932326,43.035207,6,2008-07-04 05:12:33
"0-614367",-70.933592,43.034896,6,2008-07-04 05:38:50
"0-614367",-70.933914,43.043425,6,2008-07-04 09:05:50
"0-614367",-70.933507,43.035046,6,2008-07-04 12:45:16
"0-614367",-70.93327,43.037353,6,2008-07-04 14:43:48
,,,,
614623,-70.841496,43.119814,7,2008-09-03 16:29:56
614623,-70.834157,43.116188,7,2008-09-03 17:07:12
614623,-70.834329,43.116049,7,2008-09-03 18:23:12
614623,-70.834351,43.116006,7,2008-09-03 19:16:10
614623,-70.834372,43.116006,7,2008-09-03 19:45:39
614623,-70.834351,43.115995,7,2008-09-03 20:16:07
614623,-70.834351,43.116006,7,2008-09-03 21:00:13
614623,-70.834329,43.116006,7,2008-09-03 21:36:13
614623,-70.834351,43.116016,7,2008-09-03 22:10:17
614623,-70.834329,43.115984,7,2008-09-03 22:40:16
614623,-70.834351,43.116038,7,2008-09-03 23:16:06
614623,-70.834351,43.115995,7,2008-09-03 23:55:18
614623,-70.834286,43.116038,7,2008-09-04 00:36:19
614623,-70.834329,43.115995,7,2008-09-04 01:04:17
614623,-70.834329,43.115984,7,2008-09-04 01:40:11
614623,-70.834329,43.115952,7,2008-09-04 02:23:37
614623,-70.834372,43.115995,7,2008-09-04 02:50:12
614623,-70.834372,43.116006,7,2008-09-04 03:28:10
614623,-70.834479,43.11592,7,2008-09-04 03:59:48
614623,-70.834351,43.115995,7,2008-09-04 04:31:58
614623,-70.834351,43.116006,7,2008-09-04 05:20:34
614623,-70.834372,43.116006,7,2008-09-04 05:36:16
614623,-70.834351,43.115963,7,2008-09-04 06:30:39
614623,-70.834329,43.115995,7,2008-09-04 06:56:13
614623,-70.834243,43.115995,7,2008-09-04 07:30:03
614623,-70.834351,43.115963,7,2008-09-04 08:06:39
614623,-70.835552,43.115222,7,2008-09-04 08:40:16
614623,-70.83566,43.115255,7,2008-09-04 09:15:18
614623,-70.835702,43.115308,7,2008-09-04 10:00:38
614623,-70.834072,43.116682,7,2008-09-04 11:00:12
614623,-70.834758,43.116134,7,2008-09-04 11:34:57
614623,-70.839694,43.118763,7,2008-09-04 12:09:48
614623,-70.845144,43.120319,7,2008-09-04 12:44:06
614623,-70.84935,43.121606,7,2008-09-04 13:26:16
614623,-70.859263,43.123559,7,2008-09-04 13:57:39
614623,-70.861774,43.117647,7,2008-09-04 14:38:25
614623,-70.856881,43.107079,7,2008-09-04 14:55:49
614623,-70.860722,43.091576,7,2008-09-04 15:56:39
614623,-70.863683,43.084238,7,2008-09-04 16:21:55
614623,-70.870421,43.078498,7,2008-09-04 16:52:07
614623,-70.873253,43.075547,7,2008-09-04 17:25:07
614623,-70.873361,43.076094,7,2008-09-04 18:00:04
614623,-70.870893,43.079335,7,2008-09-04 18:32:05
614623,-70.86776,43.082607,7,2008-09-04 19:04:10
614623,-70.860658,43.091844,7,2008-09-04 19:44:17
614623,-70.860078,43.092542,7,2008-09-04 20:20:17
614623,-70.859284,43.091812,7,2008-09-04 20:51:05
614623,-70.859263,43.091812,7,2008-09-04 21:29:59
614623,-70.859242,43.091812,7,2008-09-04 22:08:07
614623,-70.859263,43.091844,7,2008-09-04 22:36:06
614623,-70.859263,43.091866,7,2008-09-04 23:20:56
614623,-70.859242,43.091844,7,2008-09-04 23:48:07
614623,-70.859242,43.091791,7,2008-09-05 00:24:16
614623,-70.859156,43.091877,7,2008-09-05 00:52:11
614623,-70.859263,43.091801,7,2008-09-05 01:40:55
614623,-70.859284,43.091812,7,2008-09-05 02:05:08
614623,-70.859606,43.091565,7,2008-09-05 03:00:05
614623,-70.869327,43.071771,7,2008-09-05 04:03:57
614623,-70.863962,43.063402,7,2008-09-05 05:03:48
614623,-70.861323,43.062286,7,2008-09-05 05:33:26
614623,-70.859714,43.062426,7,2008-09-05 06:19:49
614623,-70.860765,43.06366,7,2008-09-05 06:50:10
614623,-70.863898,43.065494,7,2008-09-05 07:25:38
614623,-70.868704,43.070301,7,2008-09-05 07:52:10
614623,-70.870163,43.079485,7,2008-09-05 08:28:10
614623,-70.86349,43.086662,7,2008-09-05 09:00:10
614623,-70.858834,43.097681,7,2008-09-05 09:44:48
614623,-70.857031,43.105856,7,2008-09-05 10:20:10
614623,-70.8551,43.112454,7,2008-09-05 10:59:48
614623,-70.854757,43.112873,7,2008-09-05 11:41:38
614623,-70.854993,43.110899,7,2008-09-05 12:23:48
614623,-70.855207,43.109686,7,2008-09-05 13:17:39
614623,-70.855143,43.109483,7,2008-09-05 13:39:47
,,,,
614623,-70.860722,43.113806,8,2008-09-11 10:25:11
614623,-70.844908,43.120619,8,2008-09-11 11:14:16
614623,-70.822141,43.118688,8,2008-09-11 11:34:48
614623,-70.80431,43.111821,8,2008-09-11 12:09:48
614623,-70.791092,43.102305,8,2008-09-11 17:15:26
614623,-70.79107,43.102283,8,2008-09-11 17:55:48
614623,-70.79107,43.102316,8,2008-09-11 19:16:10
614623,-70.79165,43.10591,8,2008-09-11 20:16:08
614623,-70.799804,43.116059,8,2008-09-11 20:54:49
614623,-70.801885,43.117744,8,2008-09-11 21:27:48
614623,-70.802701,43.116982,8,2008-09-11 22:04:04
614623,-70.802593,43.114901,8,2008-09-11 22:43:49
614623,-70.80225,43.112487,8,2008-09-11 23:11:49
614623,-70.795662,43.106124,8,2008-09-11 23:51:49
614623,-70.788002,43.100256,8,2008-09-12 00:25:31
614623,-70.787959,43.100288,8,2008-09-12 00:59:47
614623,-70.787895,43.100256,8,2008-09-12 01:43:49
614623,-70.788002,43.100224,8,2008-09-12 02:08:10
614623,-70.787401,43.099955,8,2008-09-12 02:49:36
,,,,
614367,-70.860271,43.110899,9,2009-06-22 15:18:41
614367,-70.863426,43.118581,9,2009-06-22 15:45:43
614367,-70.865786,43.124578,9,2009-06-22 16:09:26
614367,-70.83905,43.120919,9,2009-06-22 17:04:34
614367,-70.810125,43.113914,9,2009-06-22 17:58:40
614367,-70.810168,43.11327,9,2009-06-23 01:52:18
614367,-70.809288,43.112347,9,2009-06-23 02:49:33
614367,-70.809352,43.112261,9,2009-06-23 03:25:41
,,,,
614367,-70.861151,43.124803,10,2009-06-24 15:49:18
614367,-70.84862,43.126434,10,2009-06-24 16:30:41
614367,-70.834072,43.117969,10,2009-06-24 17:02:41
614367,-70.810919,43.11651,10,2009-06-24 17:34:36
614367,-70.810983,43.114707,10,2009-06-24 18:16:19
614367,-70.81094,43.114686,10,2009-06-24 18:51:18
614367,-70.810962,43.114697,10,2009-06-24 19:26:19
614367,-70.810983,43.114718,10,2009-06-24 20:12:29
614367,-70.810962,43.114847,10,2009-06-24 20:49:10
614367,-70.810983,43.114718,10,2009-06-24 21:05:18
614367,-70.810962,43.11518,10,2009-06-25 02:52:47
614367,-70.810983,43.115233,10,2009-06-25 03:30:03
614367,-70.809245,43.112358,10,2009-06-25 04:05:19
614367,-70.808043,43.111424,10,2009-06-25 07:13:26
614367,-70.807915,43.111446,10,2009-06-25 07:49:22
614367,-70.808065,43.111328,10,2009-06-25 08:35:31
614367,-70.808001,43.111424,10,2009-06-25 09:43:26
614367,-70.79813,43.111757,10,2009-06-25 10:44:43
614367,-70.807979,43.111392,10,2009-06-25 11:43:54
614367,-70.808043,43.111349,10,2009-06-25 12:48:49
614367,-70.808022,43.111639,10,2009-06-25 13:49:50
614367,-70.809374,43.112851,10,2009-06-25 15:09:31
614367,-70.810554,43.115695,10,2009-06-25 15:16:35
614367,-70.817807,43.118216,10,2009-06-25 16:04:18
614367,-70.812056,43.117476,10,2009-06-25 17:17:40
614367,-70.799074,43.108474,10,2009-06-25 18:18:41
614367,-70.797164,43.106951,10,2009-06-25 18:41:19
614367,-70.796585,43.106457,10,2009-06-25 20:17:51
,,,,
614367,-70.859993,43.117626,4,2009-07-01 10:08:05
614367,-70.857847,43.127368,4,2009-07-01 10:44:11
614367,-70.855937,43.128054,4,2009-07-01 11:20:10
614367,-70.845573,43.124717,4,2009-07-01 11:55:17
614367,-70.826261,43.116456,4,2009-07-01 12:30:27
614367,-70.814137,43.117948,4,2009-07-01 13:03:49
614367,-70.810983,43.115029,4,2009-07-01 13:48:16
614367,-70.811026,43.115029,4,2009-07-01 14:15:19
,,,,
614367,-70.794268,43.108034,7,2009-07-06 14:38:50
614367,-70.780513,43.101071,7,2009-07-06 15:37:11
614367,-70.780513,43.101715,7,2009-07-06 16:19:48
614367,-70.781178,43.101554,7,2009-07-06 16:47:03
614367,-70.780406,43.100996,7,2009-07-06 17:50:01
614367,-70.780385,43.10106,7,2009-07-06 19:22:39
614367,-70.780342,43.101211,7,2009-07-06 19:39:49
614367,-70.78032,43.100921,7,2009-07-06 20:24:18
614367,-70.780535,43.101447,7,2009-07-06 21:23:03
614367,-70.780578,43.101254,7,2009-07-06 22:19:37
614367,-70.78047,43.101758,7,2009-07-07 03:50:57
614367,-70.780535,43.101575,7,2009-07-07 04:26:27
614367,-70.78047,43.10165,7,2009-07-07 04:52:04
614367,-70.780535,43.101715,7,2009-07-07 05:40:10
614367,-70.780535,43.101693,7,2009-07-07 06:12:22
614367,-70.780535,43.101715,7,2009-07-07 06:35:48
614367,-70.780535,43.101683,7,2009-07-07 07:25:11
614367,-70.780513,43.101726,7,2009-07-07 07:55:49
614367,-70.780513,43.101715,7,2009-07-07 08:33:12
614367,-70.780578,43.10179,7,2009-07-07 08:56:03
614367,-70.780513,43.101747,7,2009-07-07 09:39:48
614367,-70.781071,43.100878,7,2009-07-07 10:22:15
614367,-70.801027,43.110727,7,2009-07-07 10:49:47
614367,-70.823686,43.120061,7,2009-07-07 11:29:27
614367,-70.848105,43.123055,7,2009-07-07 12:08:24
614367,-70.85628,43.125962,7,2009-07-07 12:34:49
614367,-70.859585,43.122132,7,2009-07-07 13:21:19
614367,-70.857761,43.113173,7,2009-07-07 13:44:48
614367,-70.854971,43.109236,7,2009-07-07 14:23:49
614367,-70.855293,43.112487,7,2009-07-07 14:54:56
614367,-70.855572,43.116714,7,2009-07-07 15:40:24
614367,-70.854778,43.120651,7,2009-07-07 16:39:50
614367,-70.851259,43.119793,7,2009-07-07 17:14:49
614367,-70.850809,43.120083,7,2009-07-07 18:05:10
614367,-70.850787,43.120126,7,2009-07-07 19:47:05
614367,-70.850787,43.120115,7,2009-07-07 20:10:07
614367,-70.850787,43.120115,7,2009-07-07 20:35:50
614367,-70.850766,43.120115,7,2009-07-07 21:22:11
614367,-70.850744,43.120168,7,2009-07-07 21:48:04
614367,-70.851195,43.119932,7,2009-07-07 22:39:01
614367,-70.851409,43.12004,7,2009-07-07 23:13:11
614367,-70.852697,43.119664,7,2009-07-07 23:40:08
614367,-70.852761,43.119857,7,2009-07-08 00:08:42
614367,-70.851517,43.120372,7,2009-07-08 00:43:48
614367,-70.851989,43.120523,7,2009-07-08 01:24:49
614367,-70.851989,43.121177,7,2009-07-08 01:57:11
614367,-70.849478,43.122025,7,2009-07-08 02:31:07
614367,-70.840123,43.117379,7,2009-07-08 03:15:48
614367,-70.8342,43.116091,7,2009-07-08 03:45:17
614367,-70.835166,43.115995,7,2009-07-08 19:14:33
614367,-70.835252,43.116016,7,2009-07-08 20:16:48
614367,-70.83523,43.115995,7,2009-07-08 20:45:57
614367,-70.835316,43.116016,7,2009-07-08 21:32:08
614367,-70.835252,43.116038,7,2009-07-08 21:51:45
614367,-70.83508,43.115995,7,2009-07-09 07:26:11
614367,-70.83523,43.115973,7,2009-07-09 07:47:16
614367,-70.835745,43.115233,7,2009-07-09 08:40:33
614367,-70.835402,43.115233,7,2009-07-09 09:36:20
614367,-70.835617,43.115276,7,2009-07-09 10:05:26
614367,-70.835702,43.115276,7,2009-07-09 10:51:01
614367,-70.83581,43.115308,7,2009-07-09 11:19:57
614367,-70.835531,43.115222,7,2009-07-09 11:52:59
614367,-70.835466,43.115244,7,2009-07-09 12:34:57
614367,-70.821841,43.113281,7,2009-07-09 14:40:12
614367,-70.835574,43.115201,7,2009-07-09 15:16:47
614367,-70.835896,43.115319,7,2009-07-09 16:03:20
614367,-70.835831,43.115394,7,2009-07-09 16:54:10
614367,-70.831132,43.113549,7,2009-07-09 17:50:09
614367,-70.835359,43.115255,7,2009-07-09 18:42:19
614367,-70.827184,43.113334,7,2009-07-09 19:40:20
614367,-70.826175,43.113688,7,2009-07-09 20:49:56
614367,-70.830596,43.114536,7,2009-07-09 21:44:19
614367,-70.832677,43.115973,7,2009-07-09 22:14:56
614367,-70.833085,43.114675,7,2009-07-09 23:16:11
614367,-70.814953,43.112004,7,2009-07-09 23:32:56
614367,-70.835745,43.11533,7,2009-07-10 00:29:48
614367,-70.830939,43.117336,7,2009-07-10 02:46:56
614367,-70.828471,43.115094,7,2009-07-10 05:04:48
614367,-70.835402,43.115072,7,2009-07-10 05:22:55
614367,-70.835617,43.115233,7,2009-07-10 05:53:27
614367,-70.835702,43.115265,7,2009-07-10 06:36:08
614367,-70.819824,43.111253,7,2009-07-10 08:32:11
614367,-70.835681,43.115233,7,2009-07-10 09:10:09
614367,-70.835595,43.115255,7,2009-07-10 10:20:40
614367,-70.835745,43.115255,7,2009-07-10 11:26:40
614367,-70.835724,43.115276,7,2009-07-10 11:44:18
614367,-70.834866,43.115534,7,2009-07-10 12:44:10
614367,-70.830917,43.116252,7,2009-07-10 13:06:56
614367,-70.860465,43.106586,7,2009-07-10 14:26:47
614367,-70.864971,43.092273,7,2009-07-10 17:25:28
